{"data":{"allMembersXlsxSheet1":{"edges":[{"node":{"name":"Abhiraj Singh Rathore","link":"https://www.linkedin.com/in/abhiraj-singh-rathore-170499/","img":"https://drive.google.com/uc?export=view&id=1HJ5ohAlnWNacEiK0fvehc5XSMyWYwdu6","description":"Marketing Head"}},{"node":{"name":"Achyut Sharma","link":"https://www.linkedin.com/in/achyut-sharma-7508a0b4/","img":"https://drive.google.com/uc?export=view&id=1nyGx2bINFKFpNXAHfJTTVDFsxWYOG8WD","description":"Organisation Head"}},{"node":{"name":"Amol Bobade","link":"https://www.linkedin.com/in/amol-bobade-97b34b179/","img":"https://drive.google.com/uc?export=view&id=1rx9crLxTQMC2Fw56n4ltlWNRVSBPrHrE","description":"Joint Finance Secretary"}},{"node":{"name":"Divyanshu Bhaik","link":"https://www.linkedin.com/in/divyanshu-bhaik-7438a6155/","img":"https://drive.google.com/uc?export=view&id=10EfGNOzEmRh1YgJI97a1you8Zt6T6pSB","description":"Joint Technical Secretary"}},{"node":{"name":"Kunal Kishore","link":"https://www.linkedin.com/in/kunal-kishore-79742814b/","img":"https://drive.google.com/uc?export=view&id=1WU3n1VYUB5ykW0IcMGGW5f3vsIQvCLV-","description":"Media Head"}},{"node":{"name":"Marmik Sharma","link":"https://www.linkedin.com/in/marmik07/","img":"https://drive.google.com/uc?export=view&id=1Khn28WcQUoMx8W75VBlQSWO5V3gvKA2d","description":"Technical Secretary"}},{"node":{"name":"Mayank Singh","link":"https://www.linkedin.com/in/dyknoww/","img":"https://drive.google.com/uc?export=view&id=1gUvzWbE1g6Zhy8r4lVUBdRy--3Tfb5vd","description":"Vice President"}},{"node":{"name":"Mukul C. Mahadik","link":"https://www.linkedin.com/in/mukulm03/","img":"https://drive.google.com/uc?export=view&id=19CISfjnZvQ5ATn1V8mSnDkzWUQp3C45W","description":"Joint Secretary"}},{"node":{"name":"Parthivi Jain","link":"https://www.linkedin.com/in/parthivi-jain/","img":"https://drive.google.com/uc?export=view&id=1ucIQITPmCoSQGs03gw1oHHqK3ROntHMq","description":"PR Head"}},{"node":{"name":"Priyanka ","link":"https://www.linkedin.com/in/priyanka-kumar-a1135a1a1/","img":"https://drive.google.com/uc?export=view&id=1XaSvHeZwuY8zEdXylE7bKlNPZ1oq3jSf","description":"Design Head"}},{"node":{"name":"Rishi Kumar","link":"https://www.linkedin.com/in/rishi-kumar-5b808b153/","img":"https://drive.google.com/uc?export=view&id=1Xu1_4tQg_gGi_zFxNVk7OQgLcy01EeTU","description":"Secretary"}},{"node":{"name":"Sahaj Kulshrestha","link":"https://www.linkedin.com/in/sahaj-kulshrestha/","img":"https://drive.google.com/uc?export=view&id=10LXOp7cDKFn9pKI3kSWN5aFCdOQZbQOz","description":"Creative Head"}},{"node":{"name":"Sumit Sharma","link":"https://www.linkedin.com/in/sumit-sharma-a54814181/","img":"https://drive.google.com/uc?export=view&id=1Mn0tA9JQ3shZytKsOO0DcsqAfWHaTU-S","description":"Finance Secretary"}},{"node":{"name":"Varan Singh Rohila","link":"https://www.linkedin.com/in/varan-singh-rohila/","img":"https://drive.google.com/uc?export=view&id=1RHpqbvYKGPrQ9xJMa6L3y9bMfBCBaEvg","description":"Vice President"}},{"node":{"name":"Vivek Gussain","link":"https://www.linkedin.com/in/vivek-gusain-656b78157/","img":"https://drive.google.com/uc?export=view&id=12YFdKD5f9mNzQ8IUfmSseaoN-LCa1cZu","description":"President"}}]}}}