{"polyfill":["/polyfill-a5857149f7e3484e030c.js"],"app":["/app-29998378d401e915c05d.js"],"component---src-pages-book-js":["/component---src-pages-book-js-34c37848ac7bc50e077a.js"],"component---src-pages-index-js":["/component---src-pages-index-js-dc3f860e83d0f04713cb.js"],"component---src-pages-layout-js":["/component---src-pages-layout-js-787a825763894269ebfa.js"],"component---src-pages-member-js":["/component---src-pages-member-js-6f72e84c1c7b47075ffa.js"],"component---src-pages-members-js":["/component---src-pages-members-js-5c2a4de34ed4d097e9d7.js"],"component---src-pages-mousemove-js":["/component---src-pages-mousemove-js-f5a97b109db6593e2994.js"],"component---src-pages-particle-background-js":[],"component---src-pages-pictures-js":["/component---src-pages-pictures-js-792c86651d6ea677d5ac.js"],"component---src-pages-profile-js":["/component---src-pages-profile-js-d183e7ee42a9868411bd.js"],"component---src-pages-year-js":["/component---src-pages-year-js-23322c06f87ae8e4306d.js"]}