{"namedChunkGroups":{"polyfill":{"name":"polyfill","assets":[{"name":"webpack-runtime-4c18230cddadf0b1e17d.js","size":5783},{"name":"polyfill-a5857149f7e3484e030c.js","size":82510}],"filteredAssets":0,"assetsSize":88293,"filteredAuxiliaryAssets":2,"auxiliaryAssetsSize":227092},"app":{"name":"app","assets":[{"name":"webpack-runtime-4c18230cddadf0b1e17d.js","size":5783},{"name":"framework-d67ef973b3eacad2c96f.js","size":129890},{"name":"app-29998378d401e915c05d.js","size":67414}],"filteredAssets":0,"assetsSize":203087,"filteredAuxiliaryAssets":3,"auxiliaryAssetsSize":666362},"component---src-pages-book-js":{"name":"component---src-pages-book-js","assets":[{"name":"styles.e3352781979278942dd9.css","size":4918},{"name":"b65d3d730e1914f86b6cf1bd61e949c54f9ac97c-48df164188348f19b101.js","size":34452},{"name":"component---src-pages-book-js-34c37848ac7bc50e077a.js","size":2487}],"filteredAssets":0,"assetsSize":41857,"filteredAuxiliaryAssets":7,"auxiliaryAssetsSize":512906},"component---src-pages-index-js":{"name":"component---src-pages-index-js","assets":[{"name":"styles.e3352781979278942dd9.css","size":4918},{"name":"971be387-361cb70670c0cc2d486d.js","size":408187},{"name":"b65d3d730e1914f86b6cf1bd61e949c54f9ac97c-48df164188348f19b101.js","size":34452},{"name":"34e98dabd2a374f6e2f7bdc1410757d9ae53e0f4-9b0b598023f88294ed1c.js","size":104280},{"name":"e4cbe5906d8bd51ba5348cf758ae23d6e1911ef1-4cbccc8a150216eb2735.js","size":140496},{"name":"920336cfbe206a8e674dfcad1c8ee48307755de1-3ce846e78dcdc841fe2c.js","size":72224},{"name":"component---src-pages-index-js-dc3f860e83d0f04713cb.js","size":9335}],"filteredAssets":0,"assetsSize":773892,"filteredAuxiliaryAssets":8,"auxiliaryAssetsSize":1903419},"component---src-pages-layout-js":{"name":"component---src-pages-layout-js","assets":[{"name":"styles.e3352781979278942dd9.css","size":4918},{"name":"971be387-361cb70670c0cc2d486d.js","size":408187},{"name":"b65d3d730e1914f86b6cf1bd61e949c54f9ac97c-48df164188348f19b101.js","size":34452},{"name":"34e98dabd2a374f6e2f7bdc1410757d9ae53e0f4-9b0b598023f88294ed1c.js","size":104280},{"name":"e4cbe5906d8bd51ba5348cf758ae23d6e1911ef1-4cbccc8a150216eb2735.js","size":140496},{"name":"920336cfbe206a8e674dfcad1c8ee48307755de1-3ce846e78dcdc841fe2c.js","size":72224},{"name":"component---src-pages-layout-js-787a825763894269ebfa.js","size":9301}],"filteredAssets":0,"assetsSize":773858,"filteredAuxiliaryAssets":8,"auxiliaryAssetsSize":1903243},"component---src-pages-member-js":{"name":"component---src-pages-member-js","assets":[{"name":"styles.e3352781979278942dd9.css","size":4918},{"name":"971be387-361cb70670c0cc2d486d.js","size":408187},{"name":"b65d3d730e1914f86b6cf1bd61e949c54f9ac97c-48df164188348f19b101.js","size":34452},{"name":"34e98dabd2a374f6e2f7bdc1410757d9ae53e0f4-9b0b598023f88294ed1c.js","size":104280},{"name":"920336cfbe206a8e674dfcad1c8ee48307755de1-3ce846e78dcdc841fe2c.js","size":72224},{"name":"component---src-pages-member-js-6f72e84c1c7b47075ffa.js","size":15512}],"filteredAssets":0,"assetsSize":639573,"filteredAuxiliaryAssets":10,"auxiliaryAssetsSize":1461361},"component---src-pages-members-js":{"name":"component---src-pages-members-js","assets":[{"name":"b65d3d730e1914f86b6cf1bd61e949c54f9ac97c-48df164188348f19b101.js","size":34452},{"name":"component---src-pages-members-js-5c2a4de34ed4d097e9d7.js","size":11222}],"filteredAssets":0,"assetsSize":45674,"filteredAuxiliaryAssets":2,"auxiliaryAssetsSize":156739},"component---src-pages-mousemove-js":{"name":"component---src-pages-mousemove-js","assets":[{"name":"component---src-pages-mousemove-js-f5a97b109db6593e2994.js","size":761}],"filteredAssets":0,"assetsSize":761,"filteredAuxiliaryAssets":1,"auxiliaryAssetsSize":1600},"component---src-pages-particle-background-js":{"name":"component---src-pages-particle-background-js","assets":[{"name":"e4cbe5906d8bd51ba5348cf758ae23d6e1911ef1-4cbccc8a150216eb2735.js","size":140496}],"filteredAssets":0,"assetsSize":140496,"filteredAuxiliaryAssets":1,"auxiliaryAssetsSize":612897},"component---src-pages-pictures-js":{"name":"component---src-pages-pictures-js","assets":[{"name":"component---src-pages-pictures-js-792c86651d6ea677d5ac.js","size":602}],"filteredAssets":0,"assetsSize":602,"filteredAuxiliaryAssets":1,"auxiliaryAssetsSize":1491},"component---src-pages-profile-js":{"name":"component---src-pages-profile-js","assets":[{"name":"styles.e3352781979278942dd9.css","size":4918},{"name":"971be387-361cb70670c0cc2d486d.js","size":408187},{"name":"b65d3d730e1914f86b6cf1bd61e949c54f9ac97c-48df164188348f19b101.js","size":34452},{"name":"34e98dabd2a374f6e2f7bdc1410757d9ae53e0f4-9b0b598023f88294ed1c.js","size":104280},{"name":"component---src-pages-profile-js-d183e7ee42a9868411bd.js","size":4869}],"filteredAssets":0,"assetsSize":556706,"filteredAuxiliaryAssets":6,"auxiliaryAssetsSize":926281},"component---src-pages-year-js":{"name":"component---src-pages-year-js","assets":[{"name":"component---src-pages-year-js-23322c06f87ae8e4306d.js","size":623}],"filteredAssets":0,"assetsSize":623,"filteredAuxiliaryAssets":1,"auxiliaryAssetsSize":802}},"assetsByChunkName":{"polyfill":["webpack-runtime-4c18230cddadf0b1e17d.js","polyfill-a5857149f7e3484e030c.js"],"app":["webpack-runtime-4c18230cddadf0b1e17d.js","framework-d67ef973b3eacad2c96f.js","app-29998378d401e915c05d.js"],"component---src-pages-book-js":["styles.e3352781979278942dd9.css","b65d3d730e1914f86b6cf1bd61e949c54f9ac97c-48df164188348f19b101.js","component---src-pages-book-js-34c37848ac7bc50e077a.js"],"component---src-pages-index-js":["styles.e3352781979278942dd9.css","971be387-361cb70670c0cc2d486d.js","b65d3d730e1914f86b6cf1bd61e949c54f9ac97c-48df164188348f19b101.js","34e98dabd2a374f6e2f7bdc1410757d9ae53e0f4-9b0b598023f88294ed1c.js","e4cbe5906d8bd51ba5348cf758ae23d6e1911ef1-4cbccc8a150216eb2735.js","920336cfbe206a8e674dfcad1c8ee48307755de1-3ce846e78dcdc841fe2c.js","component---src-pages-index-js-dc3f860e83d0f04713cb.js"],"component---src-pages-layout-js":["styles.e3352781979278942dd9.css","971be387-361cb70670c0cc2d486d.js","b65d3d730e1914f86b6cf1bd61e949c54f9ac97c-48df164188348f19b101.js","34e98dabd2a374f6e2f7bdc1410757d9ae53e0f4-9b0b598023f88294ed1c.js","e4cbe5906d8bd51ba5348cf758ae23d6e1911ef1-4cbccc8a150216eb2735.js","920336cfbe206a8e674dfcad1c8ee48307755de1-3ce846e78dcdc841fe2c.js","component---src-pages-layout-js-787a825763894269ebfa.js"],"component---src-pages-member-js":["styles.e3352781979278942dd9.css","971be387-361cb70670c0cc2d486d.js","b65d3d730e1914f86b6cf1bd61e949c54f9ac97c-48df164188348f19b101.js","34e98dabd2a374f6e2f7bdc1410757d9ae53e0f4-9b0b598023f88294ed1c.js","920336cfbe206a8e674dfcad1c8ee48307755de1-3ce846e78dcdc841fe2c.js","component---src-pages-member-js-6f72e84c1c7b47075ffa.js"],"component---src-pages-members-js":["b65d3d730e1914f86b6cf1bd61e949c54f9ac97c-48df164188348f19b101.js","component---src-pages-members-js-5c2a4de34ed4d097e9d7.js"],"component---src-pages-mousemove-js":["component---src-pages-mousemove-js-f5a97b109db6593e2994.js"],"component---src-pages-particle-background-js":["e4cbe5906d8bd51ba5348cf758ae23d6e1911ef1-4cbccc8a150216eb2735.js"],"component---src-pages-pictures-js":["component---src-pages-pictures-js-792c86651d6ea677d5ac.js"],"component---src-pages-profile-js":["styles.e3352781979278942dd9.css","971be387-361cb70670c0cc2d486d.js","b65d3d730e1914f86b6cf1bd61e949c54f9ac97c-48df164188348f19b101.js","34e98dabd2a374f6e2f7bdc1410757d9ae53e0f4-9b0b598023f88294ed1c.js","component---src-pages-profile-js-d183e7ee42a9868411bd.js"],"component---src-pages-year-js":["component---src-pages-year-js-23322c06f87ae8e4306d.js"]},"childAssetsByChunkName":{}}